UniProtID,File_Location
A0A8B8TIJ8,DataFiles\target_bacteria\K01810\UniProt_Entries\A0A8B8TIJ8.txt
E6QZC4,DataFiles\target_bacteria\K01810\UniProt_Entries\E6QZC4.txt
Q8Z1U7,DataFiles\target_bacteria\K01810\UniProt_Entries\Q8Z1U7.txt
Q88LW9,DataFiles\target_bacteria\K01810\UniProt_Entries\Q88LW9.txt
Q88DW7,DataFiles\target_bacteria\K01810\UniProt_Entries\Q88DW7.txt
Q5ZXH2,DataFiles\target_bacteria\K01810\UniProt_Entries\Q5ZXH2.txt
A9BXF1,DataFiles\target_bacteria\K01810\UniProt_Entries\A9BXF1.txt
A9BXM6,DataFiles\target_bacteria\K01810\UniProt_Entries\A9BXM6.txt
W6RPH3,DataFiles\target_bacteria\K01810\UniProt_Entries\W6RPH3.txt
A1B3E8,DataFiles\target_bacteria\K01810\UniProt_Entries\A1B3E8.txt
A0A0H4VCP2,DataFiles\target_bacteria\K01810\UniProt_Entries\A0A0H4VCP2.txt
Q9PMD4,DataFiles\target_bacteria\K01810\UniProt_Entries\Q9PMD4.txt
A7ZER6,DataFiles\target_bacteria\K01810\UniProt_Entries\A7ZER6.txt
E0RQG6,DataFiles\target_bacteria\K01810\UniProt_Entries\E0RQG6.txt
C9RQH1,DataFiles\target_bacteria\K01810\UniProt_Entries\C9RQH1.txt
Q8A5W2,DataFiles\target_bacteria\K01810\UniProt_Entries\Q8A5W2.txt
Q64PM7,DataFiles\target_bacteria\K01810\UniProt_Entries\Q64PM7.txt
D5ETX2,DataFiles\target_bacteria\K01810\UniProt_Entries\D5ETX2.txt
Q65FL6,DataFiles\target_bacteria\K01810\UniProt_Entries\Q65FL6.txt
Q816G0,DataFiles\target_bacteria\K01810\UniProt_Entries\Q816G0.txt
P64196,DataFiles\target_bacteria\K01810\UniProt_Entries\P64196.txt
Q03A55,DataFiles\target_bacteria\K01810\UniProt_Entries\Q03A55.txt
A7FYM5,DataFiles\target_bacteria\K01810\UniProt_Entries\A7FYM5.txt
D8GTS6,DataFiles\target_bacteria\K01810\UniProt_Entries\D8GTS6.txt
D4K349,DataFiles\target_bacteria\K01810\UniProt_Entries\D4K349.txt
E3PWB2,DataFiles\target_bacteria\K01810\UniProt_Entries\E3PWB2.txt
A0R3N9,DataFiles\target_bacteria\K01810\UniProt_Entries\A0R3N9.txt
F2RGP7,DataFiles\target_bacteria\K01810\UniProt_Entries\F2RGP7.txt
C5CBQ0,DataFiles\target_bacteria\K01810\UniProt_Entries\C5CBQ0.txt
W6RVX2,DataFiles\target_bacteria\K00895\UniProt_Entries\W6RVX2.txt
Q9EZ02,DataFiles\target_bacteria\K00895\UniProt_Entries\Q9EZ02.txt
C9RPL9,DataFiles\target_bacteria\K00895\UniProt_Entries\C9RPL9.txt
Q8AB05,DataFiles\target_bacteria\K00895\UniProt_Entries\Q8AB05.txt
Q64RN6,DataFiles\target_bacteria\K00895\UniProt_Entries\Q64RN6.txt
D5EZ55,DataFiles\target_bacteria\K00895\UniProt_Entries\D5EZ55.txt
A0A8B6YJL9,DataFiles\target_bacteria\K01623\UniProt_Entries\A0A8B6YJL9.txt
A0A8B6YG65,DataFiles\target_bacteria\K01623\UniProt_Entries\A0A8B6YG65.txt
A0A8B8RGI4,DataFiles\target_bacteria\K01623\UniProt_Entries\A0A8B8RGI4.txt
Q5ZYA2,DataFiles\target_bacteria\K01623\UniProt_Entries\Q5ZYA2.txt
W6RJQ6,DataFiles\target_bacteria\K01623\UniProt_Entries\W6RJQ6.txt
Q6NB88,DataFiles\target_bacteria\K01623\UniProt_Entries\Q6NB88.txt
A0A0H4W140,DataFiles\target_bacteria\K01623\UniProt_Entries\A0A0H4W140.txt
A0A0H4VC79,DataFiles\target_bacteria\K01623\UniProt_Entries\A0A0H4VC79.txt
A0QY23,DataFiles\target_bacteria\K01623\UniProt_Entries\A0QY23.txt
C5CCX3,DataFiles\target_bacteria\K01623\UniProt_Entries\C5CCX3.txt
A0A8B8SHM6,DataFiles\target_bacteria\K01803\UniProt_Entries\A0A8B8SHM6.txt
F6RID7,DataFiles\target_bacteria\K01803\UniProt_Entries\F6RID7.txt
E6R685,DataFiles\target_bacteria\K01803\UniProt_Entries\E6R685.txt
Q8Z2Y2,DataFiles\target_bacteria\K01803\UniProt_Entries\Q8Z2Y2.txt
Q88DV4,DataFiles\target_bacteria\K01803\UniProt_Entries\Q88DV4.txt
A0A1L6KQY7,DataFiles\target_bacteria\K01803\UniProt_Entries\A0A1L6KQY7.txt
Q5ZRT6,DataFiles\target_bacteria\K01803\UniProt_Entries\Q5ZRT6.txt
A9BNB6,DataFiles\target_bacteria\K01803\UniProt_Entries\A9BNB6.txt
W6RH56,DataFiles\target_bacteria\K01803\UniProt_Entries\W6RH56.txt
A0AAF0BR49,DataFiles\target_bacteria\K01803\UniProt_Entries\A0AAF0BR49.txt
A1BA25,DataFiles\target_bacteria\K01803\UniProt_Entries\A1BA25.txt
A0A0H4VG32,DataFiles\target_bacteria\K01803\UniProt_Entries\A0A0H4VG32.txt
A5FXW5,DataFiles\target_bacteria\K01803\UniProt_Entries\A5FXW5.txt
Q9PMQ6,DataFiles\target_bacteria\K01803\UniProt_Entries\Q9PMQ6.txt
A7ZEZ4,DataFiles\target_bacteria\K01803\UniProt_Entries\A7ZEZ4.txt
E0RSE0,DataFiles\target_bacteria\K01803\UniProt_Entries\E0RSE0.txt
C9RL06,DataFiles\target_bacteria\K01803\UniProt_Entries\C9RL06.txt
Q8A0U2,DataFiles\target_bacteria\K01803\UniProt_Entries\Q8A0U2.txt
Q64P83,DataFiles\target_bacteria\K01803\UniProt_Entries\Q64P83.txt
Q65EN0,DataFiles\target_bacteria\K01803\UniProt_Entries\Q65EN0.txt
Q8E0H0,DataFiles\target_bacteria\K01803\UniProt_Entries\Q8E0H0.txt
Q03AK5,DataFiles\target_bacteria\K01803\UniProt_Entries\Q03AK5.txt
Q034F3,DataFiles\target_bacteria\K01803\UniProt_Entries\Q034F3.txt
A7FQN8,DataFiles\target_bacteria\K01803\UniProt_Entries\A7FQN8.txt
D8GUR1,DataFiles\target_bacteria\K01803\UniProt_Entries\D8GUR1.txt
D4K343,DataFiles\target_bacteria\K01803\UniProt_Entries\D4K343.txt
E3PWF5,DataFiles\target_bacteria\K01803\UniProt_Entries\E3PWF5.txt
A0QWW4,DataFiles\target_bacteria\K01803\UniProt_Entries\A0QWW4.txt
F2RGQ0,DataFiles\target_bacteria\K01803\UniProt_Entries\F2RGQ0.txt
A0A8B6YFN8,DataFiles\target_bacteria\K01689\UniProt_Entries\A0A8B6YFN8.txt
A0A8B8SG46,DataFiles\target_bacteria\K01689\UniProt_Entries\A0A8B8SG46.txt
A0A8B8U8U8,DataFiles\target_bacteria\K01689\UniProt_Entries\A0A8B8U8U8.txt
F6XZ93,DataFiles\target_bacteria\K01689\UniProt_Entries\F6XZ93.txt
E6R573,DataFiles\target_bacteria\K01689\UniProt_Entries\E6R573.txt
E6RFQ6,DataFiles\target_bacteria\K01689\UniProt_Entries\E6RFQ6.txt
P64077,DataFiles\target_bacteria\K01689\UniProt_Entries\P64077.txt
Q88MF9,DataFiles\target_bacteria\K01689\UniProt_Entries\Q88MF9.txt
A0A1L6KMT4,DataFiles\target_bacteria\K01689\UniProt_Entries\A0A1L6KMT4.txt
Q5ZTX1,DataFiles\target_bacteria\K01689\UniProt_Entries\Q5ZTX1.txt
A0A0A2MZY5,DataFiles\target_bacteria\K01689\UniProt_Entries\A0A0A2MZY5.txt
A9BZT6,DataFiles\target_bacteria\K01689\UniProt_Entries\A9BZT6.txt
A9BN42,DataFiles\target_bacteria\K01689\UniProt_Entries\A9BN42.txt
W6RV97,DataFiles\target_bacteria\K01689\UniProt_Entries\W6RV97.txt
A0AAF0BR43,DataFiles\target_bacteria\K01689\UniProt_Entries\A0AAF0BR43.txt
A1B9D2,DataFiles\target_bacteria\K01689\UniProt_Entries\A1B9D2.txt
A0A0H4VH12,DataFiles\target_bacteria\K01689\UniProt_Entries\A0A0H4VH12.txt
A5FUW3,DataFiles\target_bacteria\K01689\UniProt_Entries\A5FUW3.txt
P42448,DataFiles\target_bacteria\K01689\UniProt_Entries\P42448.txt
A7ZFN1,DataFiles\target_bacteria\K01689\UniProt_Entries\A7ZFN1.txt
E0RQG7,DataFiles\target_bacteria\K01689\UniProt_Entries\E0RQG7.txt
C9RQM6,DataFiles\target_bacteria\K01689\UniProt_Entries\C9RQM6.txt
Q89Z05,DataFiles\target_bacteria\K01689\UniProt_Entries\Q89Z05.txt
Q8KNX9,DataFiles\target_bacteria\K01689\UniProt_Entries\Q8KNX9.txt
D5ES25,DataFiles\target_bacteria\K01689\UniProt_Entries\D5ES25.txt
Q65EN2,DataFiles\target_bacteria\K01689\UniProt_Entries\Q65EN2.txt
Q815K8,DataFiles\target_bacteria\K01689\UniProt_Entries\Q815K8.txt
P64081,DataFiles\target_bacteria\K01689\UniProt_Entries\P64081.txt
Q03AK4,DataFiles\target_bacteria\K01689\UniProt_Entries\Q03AK4.txt
A7FQP0,DataFiles\target_bacteria\K01689\UniProt_Entries\A7FQP0.txt
D8GUQ9,DataFiles\target_bacteria\K01689\UniProt_Entries\D8GUQ9.txt
A0A8B8S673,DataFiles\target_bacteria\K00873\UniProt_Entries\A0A8B8S673.txt
E6R3H0,DataFiles\target_bacteria\K00873\UniProt_Entries\E6R3H0.txt
Q8Z5W9,DataFiles\target_bacteria\K00873\UniProt_Entries\Q8Z5W9.txt
Q8Z6K2,DataFiles\target_bacteria\K00873\UniProt_Entries\Q8Z6K2.txt
Q88N54,DataFiles\target_bacteria\K00873\UniProt_Entries\Q88N54.txt
Q88EZ9,DataFiles\target_bacteria\K00873\UniProt_Entries\Q88EZ9.txt
Q5ZZ75,DataFiles\target_bacteria\K00873\UniProt_Entries\Q5ZZ75.txt
A0A2U2BLC1,DataFiles\target_bacteria\K00873\UniProt_Entries\A0A2U2BLC1.txt
A9BQG6,DataFiles\target_bacteria\K00873\UniProt_Entries\A9BQG6.txt
W6RFQ1,DataFiles\target_bacteria\K00873\UniProt_Entries\W6RFQ1.txt
A0AAE9Y0H2,DataFiles\target_bacteria\K00873\UniProt_Entries\A0AAE9Y0H2.txt
Q6N257,DataFiles\target_bacteria\K00873\UniProt_Entries\Q6N257.txt
A1B4C4,DataFiles\target_bacteria\K00873\UniProt_Entries\A1B4C4.txt
A0A0H4VV29,DataFiles\target_bacteria\K00873\UniProt_Entries\A0A0H4VV29.txt
A5FUX4,DataFiles\target_bacteria\K00873\UniProt_Entries\A5FUX4.txt
Q0PBB8,DataFiles\target_bacteria\K00873\UniProt_Entries\Q0PBB8.txt
A7ZBX9,DataFiles\target_bacteria\K00873\UniProt_Entries\A7ZBX9.txt
E0RU34,DataFiles\target_bacteria\K00873\UniProt_Entries\E0RU34.txt
Q8A3W3,DataFiles\target_bacteria\K00873\UniProt_Entries\Q8A3W3.txt
Q64MR8,DataFiles\target_bacteria\K00873\UniProt_Entries\Q64MR8.txt
D5EYJ5,DataFiles\target_bacteria\K00873\UniProt_Entries\D5EYJ5.txt
A0A8B8S5G6,DataFiles\target_bacteria\K00234\UniProt_Entries\A0A8B8S5G6.txt
E6RB91,DataFiles\target_bacteria\K00234\UniProt_Entries\E6RB91.txt
Q8Z6R5,DataFiles\target_bacteria\K01676\UniProt_Entries\Q8Z6R5.txt
Q8Z1N8,DataFiles\target_bacteria\K01676\UniProt_Entries\Q8Z1N8.txt
Q88PF3,DataFiles\target_bacteria\K01676\UniProt_Entries\Q88PF3.txt
A9C1V7,DataFiles\target_bacteria\K01676\UniProt_Entries\A9C1V7.txt
W6RC70,DataFiles\target_bacteria\K01676\UniProt_Entries\W6RC70.txt
Q6N319,DataFiles\target_bacteria\K01676\UniProt_Entries\Q6N319.txt
A1B9I9,DataFiles\target_bacteria\K01676\UniProt_Entries\A1B9I9.txt
A0A0H4VVL9,DataFiles\target_bacteria\K01676\UniProt_Entries\A0A0H4VVL9.txt
A5FY66,DataFiles\target_bacteria\K01676\UniProt_Entries\A5FY66.txt
C9RL56,DataFiles\target_bacteria\K01676\UniProt_Entries\C9RL56.txt
Q8A5I3,DataFiles\target_bacteria\K01676\UniProt_Entries\Q8A5I3.txt
Q64YK2,DataFiles\target_bacteria\K01676\UniProt_Entries\Q64YK2.txt
D5EVI5,DataFiles\target_bacteria\K01676\UniProt_Entries\D5EVI5.txt
Q81IC5,DataFiles\target_bacteria\K01676\UniProt_Entries\Q81IC5.txt
A0QWL6,DataFiles\target_bacteria\K01676\UniProt_Entries\A0QWL6.txt
F2R1A8,DataFiles\target_bacteria\K01676\UniProt_Entries\F2R1A8.txt
Q88PU7,DataFiles\target_bacteria\K00116\UniProt_Entries\Q88PU7.txt
Q88NF9,DataFiles\target_bacteria\K00116\UniProt_Entries\Q88NF9.txt
Q88IS4,DataFiles\target_bacteria\K00116\UniProt_Entries\Q88IS4.txt
A0AAW4J5E0,DataFiles\target_bacteria\K00116\UniProt_Entries\A0AAW4J5E0.txt
A0AAF0BLC9,DataFiles\target_bacteria\K00116\UniProt_Entries\A0AAF0BLC9.txt
P56954,DataFiles\target_bacteria\K00116\UniProt_Entries\P56954.txt
A7ZES0,DataFiles\target_bacteria\K00116\UniProt_Entries\A7ZES0.txt
Q81C25,DataFiles\target_bacteria\K00116\UniProt_Entries\Q81C25.txt
A0QVL2,DataFiles\target_bacteria\K00116\UniProt_Entries\A0QVL2.txt
C5CAA3,DataFiles\target_bacteria\K00116\UniProt_Entries\C5CAA3.txt
A0A7Z7KJ85,DataFiles\target_bacteria\K00116\UniProt_Entries\A0A7Z7KJ85.txt
A0A8B8U3M4,DataFiles\target_bacteria\K01647\UniProt_Entries\A0A8B8U3M4.txt
E6QZU1,DataFiles\target_bacteria\K01647\UniProt_Entries\E6QZU1.txt
Q8Z8D0,DataFiles\target_bacteria\K01647\UniProt_Entries\Q8Z8D0.txt
Q88FA4,DataFiles\target_bacteria\K01647\UniProt_Entries\Q88FA4.txt
A0A125SV21,DataFiles\target_bacteria\K01647\UniProt_Entries\A0A125SV21.txt
Q5ZVM5,DataFiles\target_bacteria\K01647\UniProt_Entries\Q5ZVM5.txt
A0A0M7C8D8,DataFiles\target_bacteria\K01647\UniProt_Entries\A0A0M7C8D8.txt
A9BS35,DataFiles\target_bacteria\K01647\UniProt_Entries\A9BS35.txt
A9BVJ3,DataFiles\target_bacteria\K01647\UniProt_Entries\A9BVJ3.txt
A9BMJ2,DataFiles\target_bacteria\K01647\UniProt_Entries\A9BMJ2.txt
W6RH60,DataFiles\target_bacteria\K01647\UniProt_Entries\W6RH60.txt
W6RB59,DataFiles\target_bacteria\K01647\UniProt_Entries\W6RB59.txt
H6UER3,DataFiles\target_bacteria\K01647\UniProt_Entries\H6UER3.txt
Q6N5R4,DataFiles\target_bacteria\K01647\UniProt_Entries\Q6N5R4.txt
A1B8D9,DataFiles\target_bacteria\K01647\UniProt_Entries\A1B8D9.txt
A0A0H4VD18,DataFiles\target_bacteria\K01647\UniProt_Entries\A0A0H4VD18.txt
A5FZA3,DataFiles\target_bacteria\K01647\UniProt_Entries\A5FZA3.txt
Q0P7U8,DataFiles\target_bacteria\K01647\UniProt_Entries\Q0P7U8.txt
A7ZFQ8,DataFiles\target_bacteria\K01647\UniProt_Entries\A7ZFQ8.txt
Q65LZ6,DataFiles\target_bacteria\K01647\UniProt_Entries\Q65LZ6.txt
Q65DF7,DataFiles\target_bacteria\K01647\UniProt_Entries\Q65DF7.txt
Q81DS0,DataFiles\target_bacteria\K01647\UniProt_Entries\Q81DS0.txt
A0QZI3,DataFiles\target_bacteria\K01647\UniProt_Entries\A0QZI3.txt
A0R417,DataFiles\target_bacteria\K01647\UniProt_Entries\A0R417.txt
A0R421,DataFiles\target_bacteria\K01647\UniProt_Entries\A0R421.txt
F2R3H9,DataFiles\target_bacteria\K01647\UniProt_Entries\F2R3H9.txt
F2RID5,DataFiles\target_bacteria\K01647\UniProt_Entries\F2RID5.txt
C5CBB8,DataFiles\target_bacteria\K01647\UniProt_Entries\C5CBB8.txt
A0A8B8SV84,DataFiles\target_bacteria\K01681\UniProt_Entries\A0A8B8SV84.txt
A0A8B8U0W1,DataFiles\target_bacteria\K01681\UniProt_Entries\A0A8B8U0W1.txt
F6U9F4,DataFiles\target_bacteria\K01681\UniProt_Entries\F6U9F4.txt
E6R432,DataFiles\target_bacteria\K01681\UniProt_Entries\E6R432.txt
E6R9Q0,DataFiles\target_bacteria\K01681\UniProt_Entries\E6R9Q0.txt
A0A8B6YH06,DataFiles\target_bacteria\K00031\UniProt_Entries\A0A8B6YH06.txt
A0A8B8S594,DataFiles\target_bacteria\K00031\UniProt_Entries\A0A8B8S594.txt
F6QFH5,DataFiles\target_bacteria\K00031\UniProt_Entries\F6QFH5.txt
E6QZC0,DataFiles\target_bacteria\K00031\UniProt_Entries\E6QZC0.txt
Q8Z7G5,DataFiles\target_bacteria\K00031\UniProt_Entries\Q8Z7G5.txt
Q88FS2,DataFiles\target_bacteria\K00031\UniProt_Entries\Q88FS2.txt
Q88FS1,DataFiles\target_bacteria\K00031\UniProt_Entries\Q88FS1.txt
A0A1L6KP91,DataFiles\target_bacteria\K00031\UniProt_Entries\A0A1L6KP91.txt
Q5ZXB6,DataFiles\target_bacteria\K00031\UniProt_Entries\Q5ZXB6.txt
A0A0S2JN64,DataFiles\target_bacteria\K00031\UniProt_Entries\A0A0S2JN64.txt
A9C015,DataFiles\target_bacteria\K00031\UniProt_Entries\A9C015.txt
A9C031,DataFiles\target_bacteria\K00031\UniProt_Entries\A9C031.txt
W6RCC6,DataFiles\target_bacteria\K00031\UniProt_Entries\W6RCC6.txt
Q6N360,DataFiles\target_bacteria\K00031\UniProt_Entries\Q6N360.txt
A1B6A1,DataFiles\target_bacteria\K00031\UniProt_Entries\A1B6A1.txt
A0A0H4VFN8,DataFiles\target_bacteria\K00031\UniProt_Entries\A0A0H4VFN8.txt
A5FW07,DataFiles\target_bacteria\K00031\UniProt_Entries\A5FW07.txt
A5G047,DataFiles\target_bacteria\K00031\UniProt_Entries\A5G047.txt
Q0PAY5,DataFiles\target_bacteria\K00031\UniProt_Entries\Q0PAY5.txt
A7ZDM4,DataFiles\target_bacteria\K00031\UniProt_Entries\A7ZDM4.txt
E0RPJ6,DataFiles\target_bacteria\K00031\UniProt_Entries\E0RPJ6.txt
C9RMQ9,DataFiles\target_bacteria\K00031\UniProt_Entries\C9RMQ9.txt
Q8A615,DataFiles\target_bacteria\K00031\UniProt_Entries\Q8A615.txt
Q64PT5,DataFiles\target_bacteria\K00031\UniProt_Entries\Q64PT5.txt
A5A658,DataFiles\target_bacteria\K00031\UniProt_Entries\A5A658.txt
Q817F8,DataFiles\target_bacteria\K00031\UniProt_Entries\Q817F8.txt
A0QSZ3,DataFiles\target_bacteria\K00031\UniProt_Entries\A0QSZ3.txt
F2R731,DataFiles\target_bacteria\K00031\UniProt_Entries\F2R731.txt
A0A8B8TEJ8,DataFiles\target_bacteria\K00164\UniProt_Entries\A0A8B8TEJ8.txt
A0A8B8TZ83,DataFiles\target_bacteria\K00164\UniProt_Entries\A0A8B8TZ83.txt
E6R126,DataFiles\target_bacteria\K00164\UniProt_Entries\E6R126.txt
Q8Z8C6,DataFiles\target_bacteria\K00164\UniProt_Entries\Q8Z8C6.txt
Q88FA9,DataFiles\target_bacteria\K00164\UniProt_Entries\Q88FA9.txt
Q5ZY41,DataFiles\target_bacteria\K00164\UniProt_Entries\Q5ZY41.txt
A0A2U2BK18,DataFiles\target_bacteria\K00164\UniProt_Entries\A0A2U2BK18.txt
A9BWA9,DataFiles\target_bacteria\K00164\UniProt_Entries\A9BWA9.txt
W6RKX6,DataFiles\target_bacteria\K00164\UniProt_Entries\W6RKX6.txt
Q6NDB9,DataFiles\target_bacteria\K00164\UniProt_Entries\Q6NDB9.txt
A1AZH3,DataFiles\target_bacteria\K00164\UniProt_Entries\A1AZH3.txt
A0A0H4VBT7,DataFiles\target_bacteria\K00164\UniProt_Entries\A0A0H4VBT7.txt
A5FYZ7,DataFiles\target_bacteria\K00164\UniProt_Entries\A5FYZ7.txt
Q65IH4,DataFiles\target_bacteria\K00164\UniProt_Entries\Q65IH4.txt
Q81GF2,DataFiles\target_bacteria\K00164\UniProt_Entries\Q81GF2.txt
A0A8B8T7V4,DataFiles\target_bacteria\K00658\UniProt_Entries\A0A8B8T7V4.txt
E6R1A2,DataFiles\target_bacteria\K00658\UniProt_Entries\E6R1A2.txt
Q8XFE6,DataFiles\target_bacteria\K00658\UniProt_Entries\Q8XFE6.txt
Q88FB0,DataFiles\target_bacteria\K00658\UniProt_Entries\Q88FB0.txt
Q5ZY40,DataFiles\target_bacteria\K00658\UniProt_Entries\Q5ZY40.txt
A0A0M7C7J8,DataFiles\target_bacteria\K00658\UniProt_Entries\A0A0M7C7J8.txt
A9BWB0,DataFiles\target_bacteria\K00658\UniProt_Entries\A9BWB0.txt
W6RZ51,DataFiles\target_bacteria\K00658\UniProt_Entries\W6RZ51.txt
Q6NDC0,DataFiles\target_bacteria\K00658\UniProt_Entries\Q6NDC0.txt
A1AZH2,DataFiles\target_bacteria\K00658\UniProt_Entries\A1AZH2.txt
A1B2F9,DataFiles\target_bacteria\K00658\UniProt_Entries\A1B2F9.txt
A0A0H4VFK0,DataFiles\target_bacteria\K00658\UniProt_Entries\A0A0H4VFK0.txt
A5FYZ6,DataFiles\target_bacteria\K00658\UniProt_Entries\A5FYZ6.txt
Q8AB01,DataFiles\target_bacteria\K00658\UniProt_Entries\Q8AB01.txt
Q64VV7,DataFiles\target_bacteria\K00658\UniProt_Entries\Q64VV7.txt
Q65IH5,DataFiles\target_bacteria\K00658\UniProt_Entries\Q65IH5.txt
Q81GF3,DataFiles\target_bacteria\K00658\UniProt_Entries\Q81GF3.txt
A0A8B8RXG4,DataFiles\target_bacteria\K01899\UniProt_Entries\A0A8B8RXG4.txt
A0A8B8S766,DataFiles\target_bacteria\K01899\UniProt_Entries\A0A8B8S766.txt
E6R9J8,DataFiles\target_bacteria\K01899\UniProt_Entries\E6R9J8.txt
A0A8B7KB42,DataFiles\target_bacteria\K14454\UniProt_Entries\A0A8B7KB42.txt
A0A8B8TYV5,DataFiles\target_bacteria\K14454\UniProt_Entries\A0A8B8TYV5.txt
P63558,DataFiles\target_bacteria\K00930\UniProt_Entries\P63558.txt
P59300,DataFiles\target_bacteria\K00930\UniProt_Entries\P59300.txt
A0A0M7FHN8,DataFiles\target_bacteria\K00930\UniProt_Entries\A0A0M7FHN8.txt
A9BY30,DataFiles\target_bacteria\K00930\UniProt_Entries\A9BY30.txt
W6R5G3,DataFiles\target_bacteria\K00930\UniProt_Entries\W6R5G3.txt
A0AAF0BK29,DataFiles\target_bacteria\K00930\UniProt_Entries\A0AAF0BK29.txt
A1B0E7,DataFiles\target_bacteria\K00930\UniProt_Entries\A1B0E7.txt
A0A0H4VV35,DataFiles\target_bacteria\K00930\UniProt_Entries\A0A0H4VV35.txt
A5G0G0,DataFiles\target_bacteria\K00930\UniProt_Entries\A5G0G0.txt
Q9PIR8,DataFiles\target_bacteria\K00930\UniProt_Entries\Q9PIR8.txt
E0RQG3,DataFiles\target_bacteria\K00930\UniProt_Entries\E0RQG3.txt
C9RK57,DataFiles\target_bacteria\K00930\UniProt_Entries\C9RK57.txt
Q8A2B0,DataFiles\target_bacteria\K00930\UniProt_Entries\Q8A2B0.txt
Q64ZT7,DataFiles\target_bacteria\K00930\UniProt_Entries\Q64ZT7.txt
D5EXC6,DataFiles\target_bacteria\K00930\UniProt_Entries\D5EXC6.txt
Q65LE8,DataFiles\target_bacteria\K00930\UniProt_Entries\Q65LE8.txt
Q818W1,DataFiles\target_bacteria\K00930\UniProt_Entries\Q818W1.txt
D8GJQ1,DataFiles\target_bacteria\K00930\UniProt_Entries\D8GJQ1.txt
D4K1E8,DataFiles\target_bacteria\K00930\UniProt_Entries\D4K1E8.txt
E3PU06,DataFiles\target_bacteria\K00930\UniProt_Entries\E3PU06.txt
A0QYT0,DataFiles\target_bacteria\K00930\UniProt_Entries\A0QYT0.txt
F2RCV1,DataFiles\target_bacteria\K00930\UniProt_Entries\F2RCV1.txt
F2RKJ9,DataFiles\target_bacteria\K00930\UniProt_Entries\F2RKJ9.txt
C5CAN1,DataFiles\target_bacteria\K00930\UniProt_Entries\C5CAN1.txt
A0A1P8F658,DataFiles\target_bacteria\K00930\UniProt_Entries\A0A1P8F658.txt
Q8Z309,DataFiles\target_bacteria\K00145\UniProt_Entries\Q8Z309.txt
Q88QQ6,DataFiles\target_bacteria\K00145\UniProt_Entries\Q88QQ6.txt
P59308,DataFiles\target_bacteria\K00145\UniProt_Entries\P59308.txt
A9BQA6,DataFiles\target_bacteria\K00145\UniProt_Entries\A9BQA6.txt
A9BWV4,DataFiles\target_bacteria\K00145\UniProt_Entries\A9BWV4.txt
W6R7M1,DataFiles\target_bacteria\K00145\UniProt_Entries\W6R7M1.txt
Q6N6X3,DataFiles\target_bacteria\K00145\UniProt_Entries\Q6N6X3.txt
A1B2K9,DataFiles\target_bacteria\K00145\UniProt_Entries\A1B2K9.txt
A0A0H4VI74,DataFiles\target_bacteria\K00145\UniProt_Entries\A0A0H4VI74.txt
A5FZG0,DataFiles\target_bacteria\K00145\UniProt_Entries\A5FZG0.txt
Q9PIS0,DataFiles\target_bacteria\K00145\UniProt_Entries\Q9PIS0.txt
E0RQG2,DataFiles\target_bacteria\K00145\UniProt_Entries\E0RQG2.txt
C9RKM3,DataFiles\target_bacteria\K00145\UniProt_Entries\C9RKM3.txt
Q8A1A7,DataFiles\target_bacteria\K00145\UniProt_Entries\Q8A1A7.txt
Q64YZ5,DataFiles\target_bacteria\K00145\UniProt_Entries\Q64YZ5.txt
D5EV23,DataFiles\target_bacteria\K00145\UniProt_Entries\D5EV23.txt
Q65LF0,DataFiles\target_bacteria\K00145\UniProt_Entries\Q65LF0.txt
D8GJQ3,DataFiles\target_bacteria\K00145\UniProt_Entries\D8GJQ3.txt
D4K1E6,DataFiles\target_bacteria\K00145\UniProt_Entries\D4K1E6.txt
E3PU08,DataFiles\target_bacteria\K00145\UniProt_Entries\E3PU08.txt
A0QYT2,DataFiles\target_bacteria\K00145\UniProt_Entries\A0QYT2.txt
F2RCV3,DataFiles\target_bacteria\K00145\UniProt_Entries\F2RCV3.txt
F2RKK1,DataFiles\target_bacteria\K00145\UniProt_Entries\F2RKK1.txt
C5CAN3,DataFiles\target_bacteria\K00145\UniProt_Entries\C5CAN3.txt
A0A7Z7KGL5,DataFiles\target_bacteria\K00145\UniProt_Entries\A0A7Z7KGL5.txt
A0A1P8F536,DataFiles\target_bacteria\K00145\UniProt_Entries\A0A1P8F536.txt
E6QY75,DataFiles\target_bacteria\K00818\UniProt_Entries\E6QY75.txt
A0A8B7K772,DataFiles\target_bacteria\K14677\UniProt_Entries\A0A8B7K772.txt
A0A8B6YQL1,DataFiles\target_bacteria\K00611\UniProt_Entries\A0A8B6YQL1.txt
E6R1R8,DataFiles\target_bacteria\K00611\UniProt_Entries\E6R1R8.txt
Q8Z127,DataFiles\target_bacteria\K00611\UniProt_Entries\Q8Z127.txt
Q8Z123,DataFiles\target_bacteria\K00611\UniProt_Entries\Q8Z123.txt
Q88P53,DataFiles\target_bacteria\K00611\UniProt_Entries\Q88P53.txt
Q88NX4,DataFiles\target_bacteria\K00611\UniProt_Entries\Q88NX4.txt
A0A1L6KMB7,DataFiles\target_bacteria\K00611\UniProt_Entries\A0A1L6KMB7.txt
Q5ZY76,DataFiles\target_bacteria\K00611\UniProt_Entries\Q5ZY76.txt
A0A0M7GEW3,DataFiles\target_bacteria\K00611\UniProt_Entries\A0A0M7GEW3.txt
A9BYS3,DataFiles\target_bacteria\K00611\UniProt_Entries\A9BYS3.txt
W6R7G1,DataFiles\target_bacteria\K00611\UniProt_Entries\W6R7G1.txt
A0AAF0BTF8,DataFiles\target_bacteria\K00611\UniProt_Entries\A0AAF0BTF8.txt
A1B3N7,DataFiles\target_bacteria\K00611\UniProt_Entries\A1B3N7.txt
A0A0H4VDQ2,DataFiles\target_bacteria\K00611\UniProt_Entries\A0A0H4VDQ2.txt
A5G1J9,DataFiles\target_bacteria\K00611\UniProt_Entries\A5G1J9.txt
Q9PNU6,DataFiles\target_bacteria\K00611\UniProt_Entries\Q9PNU6.txt
A7ZCL8,DataFiles\target_bacteria\K00611\UniProt_Entries\A7ZCL8.txt
E0RQQ1,DataFiles\target_bacteria\K00611\UniProt_Entries\E0RQQ1.txt
C9RM70,DataFiles\target_bacteria\K00611\UniProt_Entries\C9RM70.txt
Q65LE4,DataFiles\target_bacteria\K00611\UniProt_Entries\Q65LE4.txt
O86132,DataFiles\target_bacteria\K00611\UniProt_Entries\O86132.txt
Q81II0,DataFiles\target_bacteria\K00611\UniProt_Entries\Q81II0.txt
Q818W3,DataFiles\target_bacteria\K00611\UniProt_Entries\Q818W3.txt
P65604,DataFiles\target_bacteria\K00611\UniProt_Entries\P65604.txt
P65606,DataFiles\target_bacteria\K00611\UniProt_Entries\P65606.txt
A7FWM4,DataFiles\target_bacteria\K00611\UniProt_Entries\A7FWM4.txt
D8GPT7,DataFiles\target_bacteria\K00611\UniProt_Entries\D8GPT7.txt
D8GM07,DataFiles\target_bacteria\K00611\UniProt_Entries\D8GM07.txt
D8GNJ2,DataFiles\target_bacteria\K00611\UniProt_Entries\D8GNJ2.txt
D4K0B4,DataFiles\target_bacteria\K00611\UniProt_Entries\D4K0B4.txt
D4K1F0,DataFiles\target_bacteria\K00611\UniProt_Entries\D4K1F0.txt
E3PX87,DataFiles\target_bacteria\K00611\UniProt_Entries\E3PX87.txt
A0QYS8,DataFiles\target_bacteria\K00611\UniProt_Entries\A0QYS8.txt
F2R9P0,DataFiles\target_bacteria\K00611\UniProt_Entries\F2R9P0.txt
C5CAM9,DataFiles\target_bacteria\K00611\UniProt_Entries\C5CAM9.txt
A0A1P8F8U7,DataFiles\target_bacteria\K00611\UniProt_Entries\A0A1P8F8U7.txt
B9LTY8,DataFiles\target_bacteria\K00611\UniProt_Entries\B9LTY8.txt
A0A8B8SXJ9,DataFiles\target_bacteria\K01940\UniProt_Entries\A0A8B8SXJ9.txt
E6RCU5,DataFiles\target_bacteria\K01940\UniProt_Entries\E6RCU5.txt
Q8Z3H5,DataFiles\target_bacteria\K01940\UniProt_Entries\Q8Z3H5.txt
P59604,DataFiles\target_bacteria\K01940\UniProt_Entries\P59604.txt
Q5ZY78,DataFiles\target_bacteria\K01940\UniProt_Entries\Q5ZY78.txt
A9BM60,DataFiles\target_bacteria\K01940\UniProt_Entries\A9BM60.txt
W6RGV3,DataFiles\target_bacteria\K01940\UniProt_Entries\W6RGV3.txt
A0AAF0BNP9,DataFiles\target_bacteria\K01940\UniProt_Entries\A0AAF0BNP9.txt
A1AZB7,DataFiles\target_bacteria\K01940\UniProt_Entries\A1AZB7.txt
A0A0H4VB88,DataFiles\target_bacteria\K01940\UniProt_Entries\A0A0H4VB88.txt
A5FWI5,DataFiles\target_bacteria\K01940\UniProt_Entries\A5FWI5.txt
Q9PHK7,DataFiles\target_bacteria\K01940\UniProt_Entries\Q9PHK7.txt
A7ZDF2,DataFiles\target_bacteria\K01940\UniProt_Entries\A7ZDF2.txt
E0RQG5,DataFiles\target_bacteria\K01940\UniProt_Entries\E0RQG5.txt
C9RM86,DataFiles\target_bacteria\K01940\UniProt_Entries\C9RM86.txt
Q8A1A6,DataFiles\target_bacteria\K01940\UniProt_Entries\Q8A1A6.txt
Q64YZ4,DataFiles\target_bacteria\K01940\UniProt_Entries\Q64YZ4.txt
D5EV22,DataFiles\target_bacteria\K01940\UniProt_Entries\D5EV22.txt
Q65G67,DataFiles\target_bacteria\K01940\UniProt_Entries\Q65G67.txt
Q817C6,DataFiles\target_bacteria\K01940\UniProt_Entries\Q817C6.txt
Q8E272,DataFiles\target_bacteria\K01940\UniProt_Entries\Q8E272.txt
Q033U7,DataFiles\target_bacteria\K01940\UniProt_Entries\Q033U7.txt
A7FWU6,DataFiles\target_bacteria\K01940\UniProt_Entries\A7FWU6.txt
D8GNB6,DataFiles\target_bacteria\K01940\UniProt_Entries\D8GNB6.txt
D4K1E3,DataFiles\target_bacteria\K01940\UniProt_Entries\D4K1E3.txt
E3PU10,DataFiles\target_bacteria\K01940\UniProt_Entries\E3PU10.txt
A0QYS6,DataFiles\target_bacteria\K01940\UniProt_Entries\A0QYS6.txt
F2RCV4,DataFiles\target_bacteria\K01940\UniProt_Entries\F2RCV4.txt
C5CAM5,DataFiles\target_bacteria\K01940\UniProt_Entries\C5CAM5.txt
A0A7Z7KH06,DataFiles\target_bacteria\K01940\UniProt_Entries\A0A7Z7KH06.txt
A0A1P8F685,DataFiles\target_bacteria\K01940\UniProt_Entries\A0A1P8F685.txt
B9LTZ6,DataFiles\target_bacteria\K01940\UniProt_Entries\B9LTZ6.txt
A0A8B8RGL9,DataFiles\target_bacteria\K01755\UniProt_Entries\A0A8B8RGL9.txt
F6PYH8,DataFiles\target_bacteria\K01755\UniProt_Entries\F6PYH8.txt
E6R1T0,DataFiles\target_bacteria\K01755\UniProt_Entries\E6R1T0.txt
Q8Z311,DataFiles\target_bacteria\K01755\UniProt_Entries\Q8Z311.txt
P59618,DataFiles\target_bacteria\K01755\UniProt_Entries\P59618.txt
A0A1L6KRF0,DataFiles\target_bacteria\K01755\UniProt_Entries\A0A1L6KRF0.txt
Q5ZY77,DataFiles\target_bacteria\K01755\UniProt_Entries\Q5ZY77.txt
A9BNQ0,DataFiles\target_bacteria\K01755\UniProt_Entries\A9BNQ0.txt
W6RDW9,DataFiles\target_bacteria\K01755\UniProt_Entries\W6RDW9.txt
A0AAF0BTE1,DataFiles\target_bacteria\K01755\UniProt_Entries\A0AAF0BTE1.txt
A1B3M0,DataFiles\target_bacteria\K01755\UniProt_Entries\A1B3M0.txt
A0A0H4VAY0,DataFiles\target_bacteria\K01755\UniProt_Entries\A0A0H4VAY0.txt
A5FWI3,DataFiles\target_bacteria\K01755\UniProt_Entries\A5FWI3.txt
Q46104,DataFiles\target_bacteria\K01755\UniProt_Entries\Q46104.txt
A7ZC90,DataFiles\target_bacteria\K01755\UniProt_Entries\A7ZC90.txt
E0RU57,DataFiles\target_bacteria\K01755\UniProt_Entries\E0RU57.txt
C9RPR5,DataFiles\target_bacteria\K01755\UniProt_Entries\C9RPR5.txt
Q8A1D3,DataFiles\target_bacteria\K01755\UniProt_Entries\Q8A1D3.txt
Q64Z15,DataFiles\target_bacteria\K01755\UniProt_Entries\Q64Z15.txt
D5EVZ1,DataFiles\target_bacteria\K01755\UniProt_Entries\D5EVZ1.txt
Q65G68,DataFiles\target_bacteria\K01755\UniProt_Entries\Q65G68.txt
Q81AL3,DataFiles\target_bacteria\K01755\UniProt_Entries\Q81AL3.txt
Q817C7,DataFiles\target_bacteria\K01755\UniProt_Entries\Q817C7.txt
Q8E271,DataFiles\target_bacteria\K01755\UniProt_Entries\Q8E271.txt
Q033U6,DataFiles\target_bacteria\K01755\UniProt_Entries\Q033U6.txt
A7FWU5,DataFiles\target_bacteria\K01755\UniProt_Entries\A7FWU5.txt
D8GNB7,DataFiles\target_bacteria\K01755\UniProt_Entries\D8GNB7.txt
D4K1E5,DataFiles\target_bacteria\K01755\UniProt_Entries\D4K1E5.txt
E3PU09,DataFiles\target_bacteria\K01755\UniProt_Entries\E3PU09.txt
A0QYS5,DataFiles\target_bacteria\K01755\UniProt_Entries\A0QYS5.txt
F2RCU7,DataFiles\target_bacteria\K01755\UniProt_Entries\F2RCU7.txt
C5CAM4,DataFiles\target_bacteria\K01755\UniProt_Entries\C5CAM4.txt
A0A1P8F641,DataFiles\target_bacteria\K01755\UniProt_Entries\A0A1P8F641.txt
B9LTZ5,DataFiles\target_bacteria\K01755\UniProt_Entries\B9LTZ5.txt
A0A8B8T781,DataFiles\target_bacteria\K01476\UniProt_Entries\A0A8B8T781.txt
A0A8B8TF17,DataFiles\target_bacteria\K01476\UniProt_Entries\A0A8B8TF17.txt
E6RA13,DataFiles\target_bacteria\K01476\UniProt_Entries\E6RA13.txt
A9BRG6,DataFiles\target_bacteria\K01476\UniProt_Entries\A9BRG6.txt
W6RZ31,DataFiles\target_bacteria\K01476\UniProt_Entries\W6RZ31.txt
Q6N0N3,DataFiles\target_bacteria\K01476\UniProt_Entries\Q6N0N3.txt
A1B175,DataFiles\target_bacteria\K01476\UniProt_Entries\A1B175.txt
A1B3P5,DataFiles\target_bacteria\K01476\UniProt_Entries\A1B3P5.txt
Q65P52,DataFiles\target_bacteria\K01476\UniProt_Entries\Q65P52.txt
Q65NI4,DataFiles\target_bacteria\K01476\UniProt_Entries\Q65NI4.txt
Q65N31,DataFiles\target_bacteria\K01476\UniProt_Entries\Q65N31.txt
Q81J04,DataFiles\target_bacteria\K01476\UniProt_Entries\Q81J04.txt
D8GKB3,DataFiles\target_bacteria\K01476\UniProt_Entries\D8GKB3.txt
B9LME4,DataFiles\target_bacteria\K01476\UniProt_Entries\B9LME4.txt
B9LTZ0,DataFiles\target_bacteria\K05830\UniProt_Entries\B9LTZ0.txt
Q9RW75,DataFiles\target_prokaryotes\K05830\UniProt_Entries\Q9RW75.txt
P06960,DataFiles\target_prokaryotes\K00611\UniProt_Entries\P06960.txt
P04391,DataFiles\target_prokaryotes\K00611\UniProt_Entries\P04391.txt
Q83IM2,DataFiles\target_prokaryotes\K00611\UniProt_Entries\Q83IM2.txt
A6THH6,DataFiles\target_prokaryotes\K00611\UniProt_Entries\A6THH6.txt
Q8ZBG8,DataFiles\target_prokaryotes\K00611\UniProt_Entries\Q8ZBG8.txt
Q89AG1,DataFiles\target_prokaryotes\K00611\UniProt_Entries\Q89AG1.txt
P44770,DataFiles\target_prokaryotes\K00611\UniProt_Entries\P44770.txt
Q9KP68,DataFiles\target_prokaryotes\K00611\UniProt_Entries\Q9KP68.txt
P11724,DataFiles\target_prokaryotes\K00611\UniProt_Entries\P11724.txt
P08308,DataFiles\target_prokaryotes\K00611\UniProt_Entries\P08308.txt
A0AAP3US71,DataFiles\target_prokaryotes\K00611\UniProt_Entries\A0AAP3US71.txt
Q5F7E6,DataFiles\target_prokaryotes\K00611\UniProt_Entries\Q5F7E6.txt
Q7VTJ8,DataFiles\target_prokaryotes\K00611\UniProt_Entries\Q7VTJ8.txt
Q1MLV9,DataFiles\target_prokaryotes\K00611\UniProt_Entries\Q1MLV9.txt
Q30TL4,DataFiles\target_prokaryotes\K00611\UniProt_Entries\Q30TL4.txt
O51782,DataFiles\target_prokaryotes\K00611\UniProt_Entries\O51782.txt
Q1IQN0,DataFiles\target_prokaryotes\K00611\UniProt_Entries\Q1IQN0.txt
Q1IIZ1,DataFiles\target_prokaryotes\K00611\UniProt_Entries\Q1IIZ1.txt
P18186,DataFiles\target_prokaryotes\K00611\UniProt_Entries\P18186.txt
A0A6M3Z9C7,DataFiles\target_prokaryotes\K00611\UniProt_Entries\A0A6M3Z9C7.txt
Q81M99,DataFiles\target_prokaryotes\K00611\UniProt_Entries\Q81M99.txt
P99073,DataFiles\target_prokaryotes\K00611\UniProt_Entries\P99073.txt
P65602,DataFiles\target_prokaryotes\K00611\UniProt_Entries\P65602.txt
Q5HGR3,DataFiles\target_prokaryotes\K00611\UniProt_Entries\Q5HGR3.txt
Q5HCR3,DataFiles\target_prokaryotes\K00611\UniProt_Entries\Q5HCR3.txt
Q8CU41,DataFiles\target_prokaryotes\K00611\UniProt_Entries\Q8CU41.txt
P0C0N1,DataFiles\target_prokaryotes\K00611\UniProt_Entries\P0C0N1.txt
Q8CMW2,DataFiles\target_prokaryotes\K00611\UniProt_Entries\Q8CMW2.txt
Q8Y6U5,DataFiles\target_prokaryotes\K00611\UniProt_Entries\Q8Y6U5.txt
Q92BC1,DataFiles\target_prokaryotes\K00611\UniProt_Entries\Q92BC1.txt
Q9CHD1,DataFiles\target_prokaryotes\K00611\UniProt_Entries\Q9CHD1.txt
P0C2U0,DataFiles\target_prokaryotes\K00611\UniProt_Entries\P0C2U0.txt
P0C0D0,DataFiles\target_prokaryotes\K00611\UniProt_Entries\P0C0D0.txt
P65607,DataFiles\target_prokaryotes\K00611\UniProt_Entries\P65607.txt
Q839Q5,DataFiles\target_prokaryotes\K00611\UniProt_Entries\Q839Q5.txt
A5I524,DataFiles\target_prokaryotes\K00611\UniProt_Entries\A5I524.txt
P75473,DataFiles\target_prokaryotes\K00611\UniProt_Entries\P75473.txt
P9WIT9,DataFiles\target_prokaryotes\K00611\UniProt_Entries\P9WIT9.txt
Q6NHG6,DataFiles\target_prokaryotes\K00611\UniProt_Entries\Q6NHG6.txt
A0A0D6G4Q0,DataFiles\target_prokaryotes\K00611\UniProt_Entries\A0A0D6G4Q0.txt
A0A097IFX8,DataFiles\target_prokaryotes\K00611\UniProt_Entries\A0A097IFX8.txt
Q6AA77,DataFiles\target_prokaryotes\K00611\UniProt_Entries\Q6AA77.txt
A4FHN6,DataFiles\target_prokaryotes\K00611\UniProt_Entries\A4FHN6.txt
A4FKC3,DataFiles\target_prokaryotes\K00611\UniProt_Entries\A4FKC3.txt
Q8YMM6,DataFiles\target_prokaryotes\K00611\UniProt_Entries\Q8YMM6.txt
Q9RY70,DataFiles\target_prokaryotes\K00611\UniProt_Entries\Q9RY70.txt
P96108,DataFiles\target_prokaryotes\K00611\UniProt_Entries\P96108.txt
O29013,DataFiles\target_prokaryotes\K00611\UniProt_Entries\O29013.txt
D8GNE5,DataFiles\target_bacteria\K07813\UniProt_Entries\D8GNE5.txt
D8GNN3,DataFiles\target_bacteria\K07813\UniProt_Entries\D8GNN3.txt
B9LNC8,DataFiles/target_bacteria/K16306/UniProt_Entries/B9LNC8.txt
Q8Z8C5,DataFiles/target_bacteria/K01902/UniProt_Entries/Q8Z8C5.txt
Q88FB3,DataFiles/target_bacteria/K01902/UniProt_Entries/Q88FB3.txt
A0A1L6KKT2,DataFiles/target_bacteria/K01902/UniProt_Entries/A0A1L6KKT2.txt
Q5ZY38,DataFiles/target_bacteria/K01902/UniProt_Entries/Q5ZY38.txt
A0A0A2MZ15,DataFiles/target_bacteria/K01902/UniProt_Entries/A0A0A2MZ15.txt
A9BQA4,DataFiles/target_bacteria/K01902/UniProt_Entries/A9BQA4.txt
W6RFC8,DataFiles/target_bacteria/K01902/UniProt_Entries/W6RFC8.txt
Q6NDB8,DataFiles/target_bacteria/K01902/UniProt_Entries/Q6NDB8.txt
A1AZH6,DataFiles/target_bacteria/K01902/UniProt_Entries/A1AZH6.txt
A0A0H4VGC2,DataFiles/target_bacteria/K01902/UniProt_Entries/A0A0H4VGC2.txt
A5FYZ8,DataFiles/target_bacteria/K01902/UniProt_Entries/A5FYZ8.txt
Q0PAY2,DataFiles/target_bacteria/K01902/UniProt_Entries/Q0PAY2.txt
Q8A9M8,DataFiles/target_bacteria/K01902/UniProt_Entries/Q8A9M8.txt
Q64U26,DataFiles/target_bacteria/K01902/UniProt_Entries/Q64U26.txt
Q65JN9,DataFiles/target_bacteria/K01902/UniProt_Entries/Q65JN9.txt
Q819X1,DataFiles/target_bacteria/K01902/UniProt_Entries/Q819X1.txt
A0R3M3,DataFiles/target_bacteria/K01902/UniProt_Entries/A0R3M3.txt
F2RK38,DataFiles/target_bacteria/K01902/UniProt_Entries/F2RK38.txt
C5C917,DataFiles/target_bacteria/K01902/UniProt_Entries/C5C917.txt
B9LRR1,DataFiles/target_bacteria/K01902/UniProt_Entries/B9LRR1.txt
B9LTZ3,DataFiles/target_bacteria/K19412/UniProt_Entries/B9LTZ3.txt
Q56114,DataFiles/target_bacteria/K00813/UniProt_Entries/Q56114.txt
A1AZP8,DataFiles/target_bacteria/K00813/UniProt_Entries/A1AZP8.txt
Q8Z421,DataFiles/target_bacteria/K14682/UniProt_Entries/Q8Z421.txt
P0A0Z9,DataFiles/target_bacteria/K14682/UniProt_Entries/P0A0Z9.txt
A0A0M7CDT2,DataFiles/target_bacteria/K14682/UniProt_Entries/A0A0M7CDT2.txt
A9C391,DataFiles/target_bacteria/K14682/UniProt_Entries/A9C391.txt
E0RP05,DataFiles/target_bacteria/K14682/UniProt_Entries/E0RP05.txt
C9RRB5,DataFiles/target_bacteria/K14682/UniProt_Entries/C9RRB5.txt
Q8Z1Z3,DataFiles/target_bacteria/K00821/UniProt_Entries/Q8Z1Z3.txt
Q88QW2,DataFiles/target_bacteria/K00821/UniProt_Entries/Q88QW2.txt
Q5ZRB4,DataFiles/target_bacteria/K00821/UniProt_Entries/Q5ZRB4.txt
A0A0M7EJC7,DataFiles/target_bacteria/K00821/UniProt_Entries/A0A0M7EJC7.txt
A9BYS4,DataFiles/target_bacteria/K00821/UniProt_Entries/A9BYS4.txt
A9C2J1,DataFiles/target_bacteria/K00821/UniProt_Entries/A9C2J1.txt
W6R5U6,DataFiles/target_bacteria/K00821/UniProt_Entries/W6R5U6.txt
A0AAE9YB98,DataFiles/target_bacteria/K00821/UniProt_Entries/A0AAE9YB98.txt
A1B3N9,DataFiles/target_bacteria/K00821/UniProt_Entries/A1B3N9.txt
A0A0H4VVZ0,DataFiles/target_bacteria/K00821/UniProt_Entries/A0A0H4VVZ0.txt
A5G1K0,DataFiles/target_bacteria/K00821/UniProt_Entries/A5G1K0.txt
Q9PIR7,DataFiles/target_bacteria/K00821/UniProt_Entries/Q9PIR7.txt
E0RQG4,DataFiles/target_bacteria/K00821/UniProt_Entries/E0RQG4.txt
Q8A1A8,DataFiles/target_bacteria/K00821/UniProt_Entries/Q8A1A8.txt
Q64YZ6,DataFiles/target_bacteria/K00821/UniProt_Entries/Q64YZ6.txt
D5EV24,DataFiles/target_bacteria/K00821/UniProt_Entries/D5EV24.txt
Q65LE7,DataFiles/target_bacteria/K00821/UniProt_Entries/Q65LE7.txt
Q81BY1,DataFiles/target_bacteria/K00821/UniProt_Entries/Q81BY1.txt
Q818W2,DataFiles/target_bacteria/K00821/UniProt_Entries/Q818W2.txt
D8GJQ0,DataFiles/target_bacteria/K00821/UniProt_Entries/D8GJQ0.txt
D4K1E9,DataFiles/target_bacteria/K00821/UniProt_Entries/D4K1E9.txt
E3PR44,DataFiles/target_bacteria/K00821/UniProt_Entries/E3PR44.txt
A0QYS9,DataFiles/target_bacteria/K00821/UniProt_Entries/A0QYS9.txt
F2RCV0,DataFiles/target_bacteria/K00821/UniProt_Entries/F2RCV0.txt
F2RKJ8,DataFiles/target_bacteria/K00821/UniProt_Entries/F2RKJ8.txt
C5CAN0,DataFiles/target_bacteria/K00821/UniProt_Entries/C5CAN0.txt
A0A1P8F6I1,DataFiles/target_bacteria/K00821/UniProt_Entries/A0A1P8F6I1.txt
Q8Z308,DataFiles/target_bacteria/K01438/UniProt_Entries/Q8Z308.txt
Q88GZ4,DataFiles/target_bacteria/K01438/UniProt_Entries/Q88GZ4.txt
Q88CJ5,DataFiles/target_bacteria/K01438/UniProt_Entries/Q88CJ5.txt
Q5ZWC1,DataFiles/target_bacteria/K01438/UniProt_Entries/Q5ZWC1.txt
A0A2U2BF42,DataFiles/target_bacteria/K01438/UniProt_Entries/A0A2U2BF42.txt
A9BPL8,DataFiles/target_bacteria/K01438/UniProt_Entries/A9BPL8.txt
Q6N7D3,DataFiles/target_bacteria/K01438/UniProt_Entries/Q6N7D3.txt
Q6N5E6,DataFiles/target_bacteria/K01438/UniProt_Entries/Q6N5E6.txt
A1B7N5,DataFiles/target_bacteria/K01438/UniProt_Entries/A1B7N5.txt
A1BBZ2,DataFiles/target_bacteria/K01438/UniProt_Entries/A1BBZ2.txt
A5FYD4,DataFiles/target_bacteria/K01438/UniProt_Entries/A5FYD4.txt
A5FTM7,DataFiles/target_bacteria/K01438/UniProt_Entries/A5FTM7.txt
Q8A1V9,DataFiles/target_bacteria/K01438/UniProt_Entries/Q8A1V9.txt
Q64ZF5,DataFiles/target_bacteria/K01438/UniProt_Entries/Q64ZF5.txt
D5EYX6,DataFiles/target_bacteria/K01438/UniProt_Entries/D5EYX6.txt
Q65ID8,DataFiles/target_bacteria/K01438/UniProt_Entries/Q65ID8.txt
Q81DV3,DataFiles/target_bacteria/K01438/UniProt_Entries/Q81DV3.txt
A0QV93,DataFiles/target_bacteria/K01438/UniProt_Entries/A0QV93.txt
A0QXR5,DataFiles/target_bacteria/K01438/UniProt_Entries/A0QXR5.txt
B9LUV1,DataFiles/target_bacteria/K01438/UniProt_Entries/B9LUV1.txt
B9LU41,DataFiles/target_bacteria/K01438/UniProt_Entries/B9LU41.txt
B9LW85,DataFiles/target_bacteria/K01438/UniProt_Entries/B9LW85.txt
A0A8B6YFW4,DataFiles/target_bacteria/K00382/UniProt_Entries/A0A8B6YFW4.txt
E6RBS8,DataFiles/target_bacteria/K00382/UniProt_Entries/E6RBS8.txt
Q8Z9E8,DataFiles/target_bacteria/K00382/UniProt_Entries/Q8Z9E8.txt
Q88FB1,DataFiles/target_bacteria/K00382/UniProt_Entries/Q88FB1.txt
Q88EP9,DataFiles/target_bacteria/K00382/UniProt_Entries/Q88EP9.txt
Q88C17,DataFiles/target_bacteria/K00382/UniProt_Entries/Q88C17.txt
A0A1L6KKL2,DataFiles/target_bacteria/K00382/UniProt_Entries/A0A1L6KKL2.txt
Q5ZVD8,DataFiles/target_bacteria/K00382/UniProt_Entries/Q5ZVD8.txt
A0A0M7C7M5,DataFiles/target_bacteria/K00382/UniProt_Entries/A0A0M7C7M5.txt
A9BWB1,DataFiles/target_bacteria/K00382/UniProt_Entries/A9BWB1.txt
A9BWT2,DataFiles/target_bacteria/K00382/UniProt_Entries/A9BWT2.txt
A9C083,DataFiles/target_bacteria/K00382/UniProt_Entries/A9C083.txt
W6RBI9,DataFiles/target_bacteria/K00382/UniProt_Entries/W6RBI9.txt
W6RE41,DataFiles/target_bacteria/K00382/UniProt_Entries/W6RE41.txt
Q6NDC3,DataFiles/target_bacteria/K00382/UniProt_Entries/Q6NDC3.txt
Q6N5V7,DataFiles/target_bacteria/K00382/UniProt_Entries/Q6N5V7.txt
A1AZG9,DataFiles/target_bacteria/K00382/UniProt_Entries/A1AZG9.txt
A1AZM9,DataFiles/target_bacteria/K00382/UniProt_Entries/A1AZM9.txt
A1BBC7,DataFiles/target_bacteria/K00382/UniProt_Entries/A1BBC7.txt
A0A0H4VXN1,DataFiles/target_bacteria/K00382/UniProt_Entries/A0A0H4VXN1.txt
A0A0H4VKF8,DataFiles/target_bacteria/K00382/UniProt_Entries/A0A0H4VKF8.txt
A5FYZ5,DataFiles/target_bacteria/K00382/UniProt_Entries/A5FYZ5.txt
A5G2D1,DataFiles/target_bacteria/K00382/UniProt_Entries/A5G2D1.txt
E0RTQ4,DataFiles/target_bacteria/K00382/UniProt_Entries/E0RTQ4.txt
Q8AB03,DataFiles/target_bacteria/K00382/UniProt_Entries/Q8AB03.txt
Q8A2W9,DataFiles/target_bacteria/K00382/UniProt_Entries/Q8A2W9.txt
Q650Q1,DataFiles/target_bacteria/K00382/UniProt_Entries/Q650Q1.txt
Q64VW0,DataFiles/target_bacteria/K00382/UniProt_Entries/Q64VW0.txt
P63726,DataFiles/target_bacteria/K00241/UniProt_Entries/P63726.txt
Q88FA5,DataFiles/target_bacteria/K00241/UniProt_Entries/Q88FA5.txt
A0A1L6KKR9,DataFiles/target_bacteria/K00241/UniProt_Entries/A0A1L6KKR9.txt
Q5ZY45,DataFiles/target_bacteria/K00241/UniProt_Entries/Q5ZY45.txt
A0A0A2N347,DataFiles/target_bacteria/K00241/UniProt_Entries/A0A0A2N347.txt
A9BVJ8,DataFiles/target_bacteria/K00241/UniProt_Entries/A9BVJ8.txt
W6RE52,DataFiles/target_bacteria/K00241/UniProt_Entries/W6RE52.txt
Q6ND90,DataFiles/target_bacteria/K00241/UniProt_Entries/Q6ND90.txt
A1AZI5,DataFiles/target_bacteria/K00241/UniProt_Entries/A1AZI5.txt
A1B6G0,DataFiles/target_bacteria/K00241/UniProt_Entries/A1B6G0.txt
A0A0H4VKF6,DataFiles/target_bacteria/K00241/UniProt_Entries/A0A0H4VKF6.txt
A5FZP9,DataFiles/target_bacteria/K00241/UniProt_Entries/A5FZP9.txt
Q0PB71,DataFiles/target_bacteria/K00241/UniProt_Entries/Q0PB71.txt
A7ZDK9,DataFiles/target_bacteria/K00241/UniProt_Entries/A7ZDK9.txt
C9RLR3,DataFiles/target_bacteria/K00241/UniProt_Entries/C9RLR3.txt
Q8A3A1,DataFiles/target_bacteria/K00241/UniProt_Entries/Q8A3A1.txt
Q64MJ9,DataFiles/target_bacteria/K00241/UniProt_Entries/Q64MJ9.txt
D5EWF5,DataFiles/target_bacteria/K00241/UniProt_Entries/D5EWF5.txt
Q65GF3,DataFiles/target_bacteria/K00241/UniProt_Entries/Q65GF3.txt
Q817M0,DataFiles/target_bacteria/K00241/UniProt_Entries/Q817M0.txt
A0QT10,DataFiles/target_bacteria/K00241/UniProt_Entries/A0QT10.txt
F2RL61,DataFiles/target_bacteria/K00241/UniProt_Entries/F2RL61.txt
F2RIZ5,DataFiles/target_bacteria/K00241/UniProt_Entries/F2RIZ5.txt
C5C974,DataFiles/target_bacteria/K00241/UniProt_Entries/C5C974.txt
B9LQE4,DataFiles/target_bacteria/K00241/UniProt_Entries/B9LQE4.txt
Q8Z904,DataFiles/target_bacteria/K01659/UniProt_Entries/Q8Z904.txt
Q88KF5,DataFiles/target_bacteria/K01659/UniProt_Entries/Q88KF5.txt
Q5ZVB0,DataFiles/target_bacteria/K01659/UniProt_Entries/Q5ZVB0.txt
A0A2U2BK69,DataFiles/target_bacteria/K01659/UniProt_Entries/A0A2U2BK69.txt
A9C127,DataFiles/target_bacteria/K01659/UniProt_Entries/A9C127.txt
A1B1Q7,DataFiles/target_bacteria/K01659/UniProt_Entries/A1B1Q7.txt
A5FW61,DataFiles/target_bacteria/K01659/UniProt_Entries/A5FW61.txt
E0RSW6,DataFiles/target_bacteria/K01659/UniProt_Entries/E0RSW6.txt
Q8A616,DataFiles/target_bacteria/K01659/UniProt_Entries/Q8A616.txt
Q64PT6,DataFiles/target_bacteria/K01659/UniProt_Entries/Q64PT6.txt
Q65G87,DataFiles/target_bacteria/K01659/UniProt_Entries/Q65G87.txt
Q817F7,DataFiles/target_bacteria/K01659/UniProt_Entries/Q817F7.txt
E3PY49,DataFiles/target_bacteria/K01659/UniProt_Entries/E3PY49.txt
A0R6R8,DataFiles/target_bacteria/K01659/UniProt_Entries/A0R6R8.txt
F2R861,DataFiles/target_bacteria/K01659/UniProt_Entries/F2R861.txt
C5CAL2,DataFiles/target_bacteria/K01659/UniProt_Entries/C5CAL2.txt
B9LUG8,DataFiles/target_bacteria/K01659/UniProt_Entries/B9LUG8.txt
Q8Z530,DataFiles/target_bacteria/K00343/UniProt_Entries/Q8Z530.txt
Q88FG5,DataFiles/target_bacteria/K00343/UniProt_Entries/Q88FG5.txt
A0A1L6KPW0,DataFiles/target_bacteria/K00343/UniProt_Entries/A0A1L6KPW0.txt
Q5ZRV1,DataFiles/target_bacteria/K00343/UniProt_Entries/Q5ZRV1.txt
A9BNA1,DataFiles/target_bacteria/K00343/UniProt_Entries/A9BNA1.txt
W6RF62,DataFiles/target_bacteria/K00343/UniProt_Entries/W6RF62.txt
Q6N5N7,DataFiles/target_bacteria/K00343/UniProt_Entries/Q6N5N7.txt
Q6N200,DataFiles/target_bacteria/K00343/UniProt_Entries/Q6N200.txt
A1B479,DataFiles/target_bacteria/K00343/UniProt_Entries/A1B479.txt
A0A0H4VC63,DataFiles/target_bacteria/K00343/UniProt_Entries/A0A0H4VC63.txt
A5FX21,DataFiles/target_bacteria/K00343/UniProt_Entries/A5FX21.txt
A5FXI8,DataFiles/target_bacteria/K00343/UniProt_Entries/A5FXI8.txt
Q0P862,DataFiles/target_bacteria/K00343/UniProt_Entries/Q0P862.txt
A7ZBF3,DataFiles/target_bacteria/K00343/UniProt_Entries/A7ZBF3.txt
C9RJZ2,DataFiles/target_bacteria/K00343/UniProt_Entries/C9RJZ2.txt
C9RKX4,DataFiles/target_bacteria/K00343/UniProt_Entries/C9RKX4.txt
Q8A0G3,DataFiles/target_bacteria/K00343/UniProt_Entries/Q8A0G3.txt
Q64Y15,DataFiles/target_bacteria/K00343/UniProt_Entries/Q64Y15.txt
D5ETQ3,DataFiles/target_bacteria/K00343/UniProt_Entries/D5ETQ3.txt
Q814X6,DataFiles/target_bacteria/K00343/UniProt_Entries/Q814X6.txt
A0QU23,DataFiles/target_bacteria/K00343/UniProt_Entries/A0QU23.txt
F2RIK8,DataFiles/target_bacteria/K00343/UniProt_Entries/F2RIK8.txt
F2RIP7,DataFiles/target_bacteria/K00343/UniProt_Entries/F2RIP7.txt
A0A1P8F6I6,DataFiles/target_bacteria/K00343/UniProt_Entries/A0A1P8F6I6.txt
B9LUF9,DataFiles/target_bacteria/K00343/UniProt_Entries/B9LUF9.txt
A0A8B6YCP2,DataFiles/target_bacteria/K01835/UniProt_Entries/A0A8B6YCP2.txt
E6RFU2,DataFiles/target_bacteria/K01835/UniProt_Entries/E6RFU2.txt
Q83T07,DataFiles/target_bacteria/K01835/UniProt_Entries/Q83T07.txt
Q88GY7,DataFiles/target_bacteria/K01835/UniProt_Entries/Q88GY7.txt
W6RK22,DataFiles/target_bacteria/K01835/UniProt_Entries/W6RK22.txt
Q6N9Q4,DataFiles/target_bacteria/K01835/UniProt_Entries/Q6N9Q4.txt
A1BAE3,DataFiles/target_bacteria/K01835/UniProt_Entries/A1BAE3.txt
A0A0H4VEV2,DataFiles/target_bacteria/K01835/UniProt_Entries/A0A0H4VEV2.txt
E0RSZ9,DataFiles/target_bacteria/K01835/UniProt_Entries/E0RSZ9.txt
Q8A7H6,DataFiles/target_bacteria/K01835/UniProt_Entries/Q8A7H6.txt
Q64W97,DataFiles/target_bacteria/K01835/UniProt_Entries/Q64W97.txt
D5ERZ6,DataFiles/target_bacteria/K01835/UniProt_Entries/D5ERZ6.txt
Q65M09,DataFiles/target_bacteria/K01835/UniProt_Entries/Q65M09.txt
Q816E4,DataFiles/target_bacteria/K01835/UniProt_Entries/Q816E4.txt
Q8E169,DataFiles/target_bacteria/K01835/UniProt_Entries/Q8E169.txt
Q8DZN4,DataFiles/target_bacteria/K01835/UniProt_Entries/Q8DZN4.txt
Q03AM4,DataFiles/target_bacteria/K01835/UniProt_Entries/Q03AM4.txt
D8GS84,DataFiles/target_bacteria/K01835/UniProt_Entries/D8GS84.txt
D4K4V6,DataFiles/target_bacteria/K01835/UniProt_Entries/D4K4V6.txt
E3PSD1,DataFiles/target_bacteria/K01835/UniProt_Entries/E3PSD1.txt
A0QUA6,DataFiles/target_bacteria/K01835/UniProt_Entries/A0QUA6.txt
C5C869,DataFiles/target_bacteria/K01835/UniProt_Entries/C5C869.txt
Q8Z2Y5,DataFiles/target_bacteria/K02446 /UniProt_Entries/Q8Z2Y5.txt
Q65DU3,DataFiles/target_bacteria/K02446 /UniProt_Entries/Q65DU3.txt
Q816A7,DataFiles/target_bacteria/K02446 /UniProt_Entries/Q816A7.txt
Q814T7,DataFiles/target_bacteria/K02446 /UniProt_Entries/Q814T7.txt
E3PTQ4,DataFiles/target_bacteria/K02446 /UniProt_Entries/E3PTQ4.txt
E3PTQ5,DataFiles/target_bacteria/K02446 /UniProt_Entries/E3PTQ5.txt
A0R2U7,DataFiles/target_bacteria/K02446 /UniProt_Entries/A0R2U7.txt
F2R1B1,DataFiles/target_bacteria/K02446 /UniProt_Entries/F2R1B1.txt
C5C9A8,DataFiles/target_bacteria/K02446 /UniProt_Entries/C5C9A8.txt
Q8XFP7,DataFiles/target_bacteria/K11645/UniProt_Entries/Q8XFP7.txt
A1B3C0,DataFiles/target_bacteria/K11645/UniProt_Entries/A1B3C0.txt
A5FVH3,DataFiles/target_bacteria/K11645/UniProt_Entries/A5FVH3.txt
Q8A8R1,DataFiles/target_bacteria/K11645/UniProt_Entries/Q8A8R1.txt
Q8A766,DataFiles/target_bacteria/K11645/UniProt_Entries/Q8A766.txt
Q64R86,DataFiles/target_bacteria/K11645/UniProt_Entries/Q64R86.txt
B9LT62,DataFiles/target_bacteria/K11645/UniProt_Entries/B9LT62.txt
A0A8B6YCK9,DataFiles/target_bacteria/K00134/UniProt_Entries/A0A8B6YCK9.txt
A0A8B8S8N6,DataFiles/target_bacteria/K00134/UniProt_Entries/A0A8B8S8N6.txt
A0A8B8SF33,DataFiles/target_bacteria/K00134/UniProt_Entries/A0A8B8SF33.txt
A0A8B8SNG7,DataFiles/target_bacteria/K00134/UniProt_Entries/A0A8B8SNG7.txt
H2XXZ7,DataFiles/target_bacteria/K00134/UniProt_Entries/H2XXZ7.txt
E6R7Z5,DataFiles/target_bacteria/K00134/UniProt_Entries/E6R7Z5.txt
E6RAC7,DataFiles/target_bacteria/K00134/UniProt_Entries/E6RAC7.txt
P0A1P1,DataFiles/target_bacteria/K00134/UniProt_Entries/P0A1P1.txt
Q88P44,DataFiles/target_bacteria/K00134/UniProt_Entries/Q88P44.txt
Q88KZ0,DataFiles/target_bacteria/K00134/UniProt_Entries/Q88KZ0.txt
A0A1L6KNQ2,DataFiles/target_bacteria/K00134/UniProt_Entries/A0A1L6KNQ2.txt
Q5ZZ73,DataFiles/target_bacteria/K00134/UniProt_Entries/Q5ZZ73.txt
A0A0A2NFT3,DataFiles/target_bacteria/K00134/UniProt_Entries/A0A0A2NFT3.txt
A9BQH5,DataFiles/target_bacteria/K00134/UniProt_Entries/A9BQH5.txt
W6RCV8,DataFiles/target_bacteria/K00134/UniProt_Entries/W6RCV8.txt
Q6NB84,DataFiles/target_bacteria/K00134/UniProt_Entries/Q6NB84.txt
A1B0X5,DataFiles/target_bacteria/K00134/UniProt_Entries/A1B0X5.txt
A1BAI5,DataFiles/target_bacteria/K00134/UniProt_Entries/A1BAI5.txt
A0A0H4VBH8,DataFiles/target_bacteria/K00134/UniProt_Entries/A0A0H4VBH8.txt
A5FXV0,DataFiles/target_bacteria/K00134/UniProt_Entries/A5FXV0.txt
Q0P8L1,DataFiles/target_bacteria/K00134/UniProt_Entries/Q0P8L1.txt
A7ZEZ6,DataFiles/target_bacteria/K00134/UniProt_Entries/A7ZEZ6.txt
E0RSD8,DataFiles/target_bacteria/K00134/UniProt_Entries/E0RSD8.txt
C9RJ72,DataFiles/target_bacteria/K00134/UniProt_Entries/C9RJ72.txt
Q89ZV8,DataFiles/target_bacteria/K00134/UniProt_Entries/Q89ZV8.txt
Q59199,DataFiles/target_bacteria/K00134/UniProt_Entries/Q59199.txt
D5ETL5,DataFiles/target_bacteria/K00134/UniProt_Entries/D5ETL5.txt
A0A8B6YKT0,DataFiles/target_bacteria/K00927/UniProt_Entries/A0A8B6YKT0.txt
A0A8B6YMU8,DataFiles/target_bacteria/K00927/UniProt_Entries/A0A8B6YMU8.txt
F6YND1,DataFiles/target_bacteria/K00927/UniProt_Entries/F6YND1.txt
E6R9I3,DataFiles/target_bacteria/K00927/UniProt_Entries/E6R9I3.txt
P65703,DataFiles/target_bacteria/K00927/UniProt_Entries/P65703.txt
Q88D64,DataFiles/target_bacteria/K00927/UniProt_Entries/Q88D64.txt
Q5ZZ74,DataFiles/target_bacteria/K00927/UniProt_Entries/Q5ZZ74.txt
A9BS64,DataFiles/target_bacteria/K00927/UniProt_Entries/A9BS64.txt
W6RCW5,DataFiles/target_bacteria/K00927/UniProt_Entries/W6RCW5.txt
A0AAF0BN77,DataFiles/target_bacteria/K00927/UniProt_Entries/A0AAF0BN77.txt
A1B3B8,DataFiles/target_bacteria/K00927/UniProt_Entries/A1B3B8.txt
A0A0H4VXZ8,DataFiles/target_bacteria/K00927/UniProt_Entries/A0A0H4VXZ8.txt
A5FXV1,DataFiles/target_bacteria/K00927/UniProt_Entries/A5FXV1.txt
Q9PMQ5,DataFiles/target_bacteria/K00927/UniProt_Entries/Q9PMQ5.txt
A7ZEZ5,DataFiles/target_bacteria/K00927/UniProt_Entries/A7ZEZ5.txt
E0RSD9,DataFiles/target_bacteria/K00927/UniProt_Entries/E0RSD9.txt
C9RL46,DataFiles/target_bacteria/K00927/UniProt_Entries/C9RL46.txt
Q8A753,DataFiles/target_bacteria/K00927/UniProt_Entries/Q8A753.txt
Q64R68,DataFiles/target_bacteria/K00927/UniProt_Entries/Q64R68.txt
D5ETH6,DataFiles/target_bacteria/K00927/UniProt_Entries/D5ETH6.txt
Q65EM9,DataFiles/target_bacteria/K00927/UniProt_Entries/Q65EM9.txt
Q8DXT0,DataFiles/target_bacteria/K00927/UniProt_Entries/Q8DXT0.txt
Q03AK6,DataFiles/target_bacteria/K00927/UniProt_Entries/Q03AK6.txt
A7FQN7,DataFiles/target_bacteria/K00927/UniProt_Entries/A7FQN7.txt
D8GUR2,DataFiles/target_bacteria/K00927/UniProt_Entries/D8GUR2.txt
D4K342,DataFiles/target_bacteria/K00927/UniProt_Entries/D4K342.txt
E3PWF4,DataFiles/target_bacteria/K00927/UniProt_Entries/E3PWF4.txt
A0QWW3,DataFiles/target_bacteria/K00927/UniProt_Entries/A0QWW3.txt
F2RGQ1,DataFiles/target_bacteria/K00927/UniProt_Entries/F2RGQ1.txt
A0A8B6YFS6,DataFiles/target_bacteria/K01834/UniProt_Entries/A0A8B6YFS6.txt
A0A8B8SB75,DataFiles/target_bacteria/K01834/UniProt_Entries/A0A8B8SB75.txt
Q8Z8B2,DataFiles/target_bacteria/K01834/UniProt_Entries/Q8Z8B2.txt
A0A2U2BJP5,DataFiles/target_bacteria/K01834/UniProt_Entries/A0A2U2BJP5.txt
A9BUZ3,DataFiles/target_bacteria/K01834/UniProt_Entries/A9BUZ3.txt
W6R6E5,DataFiles/target_bacteria/K01834/UniProt_Entries/W6R6E5.txt
A0A0H4V9H0,DataFiles/target_bacteria/K01834/UniProt_Entries/A0A0H4V9H0.txt
Q8A8R2,DataFiles/target_bacteria/K01834/UniProt_Entries/Q8A8R2.txt
Q8A765,DataFiles/target_bacteria/K01834/UniProt_Entries/Q8A765.txt
Q64R85,DataFiles/target_bacteria/K01834/UniProt_Entries/Q64R85.txt
Q81FA3,DataFiles/target_bacteria/K01834/UniProt_Entries/Q81FA3.txt
Q81EC3,DataFiles/target_bacteria/K01834/UniProt_Entries/Q81EC3.txt
Q81DD2,DataFiles/target_bacteria/K01834/UniProt_Entries/Q81DD2.txt
Q81A46,DataFiles/target_bacteria/K01834/UniProt_Entries/Q81A46.txt
Q816A2,DataFiles/target_bacteria/K01834/UniProt_Entries/Q816A2.txt
Q8E0G9,DataFiles/target_bacteria/K01834/UniProt_Entries/Q8E0G9.txt
Q037Z7,DataFiles/target_bacteria/K01834/UniProt_Entries/Q037Z7.txt
Q036I8,DataFiles/target_bacteria/K01834/UniProt_Entries/Q036I8.txt
Q035P2,DataFiles/target_bacteria/K01834/UniProt_Entries/Q035P2.txt
A0QR00,DataFiles/target_bacteria/K01834/UniProt_Entries/A0QR00.txt
F2RFU2,DataFiles/target_bacteria/K01834/UniProt_Entries/F2RFU2.txt
C5C8W8,DataFiles/target_bacteria/K01834/UniProt_Entries/C5C8W8.txt
E6RDZ5,DataFiles/target_bacteria/K15633/UniProt_Entries/E6RDZ5.txt
Q8Z2F0,DataFiles/target_bacteria/K15633/UniProt_Entries/Q8Z2F0.txt
Q88CX4,DataFiles/target_bacteria/K15633/UniProt_Entries/Q88CX4.txt
Q5ZY71,DataFiles/target_bacteria/K15633/UniProt_Entries/Q5ZY71.txt
A0AAE9XTV9,DataFiles/target_bacteria/K15633/UniProt_Entries/A0AAE9XTV9.txt
A1B4Z9,DataFiles/target_bacteria/K15633/UniProt_Entries/A1B4Z9.txt
A5FWZ2,DataFiles/target_bacteria/K15633/UniProt_Entries/A5FWZ2.txt
Q9PI71,DataFiles/target_bacteria/K15633/UniProt_Entries/Q9PI71.txt
A7ZF39,DataFiles/target_bacteria/K15633/UniProt_Entries/A7ZF39.txt
E0RQ64,DataFiles/target_bacteria/K15633/UniProt_Entries/E0RQ64.txt
C9RN00,DataFiles/target_bacteria/K15633/UniProt_Entries/C9RN00.txt
Q8A287,DataFiles/target_bacteria/K15633/UniProt_Entries/Q8A287.txt
Q64ZN5,DataFiles/target_bacteria/K15633/UniProt_Entries/Q64ZN5.txt
D5EVV5,DataFiles/target_bacteria/K15633/UniProt_Entries/D5EVV5.txt
Q65EN1,DataFiles/target_bacteria/K15633/UniProt_Entries/Q65EN1.txt
Q815K7,DataFiles/target_bacteria/K15633/UniProt_Entries/Q815K7.txt
A7FQN9,DataFiles/target_bacteria/K15633/UniProt_Entries/A7FQN9.txt
D8GUR0,DataFiles/target_bacteria/K15633/UniProt_Entries/D8GUR0.txt
D4K344,DataFiles/target_bacteria/K15633/UniProt_Entries/D4K344.txt
E3PWF6,DataFiles/target_bacteria/K15633/UniProt_Entries/E3PWF6.txt
B9LPZ1,DataFiles/target_bacteria/K15633/UniProt_Entries/B9LPZ1.txt
